Admin_Id,Admin_Name,Admin_Contact,Admin_Address,Admin_Password,Admin_Email
3369,Roderic,62011-0056,Trudobelikovskiy,dlIoD34a8,rvarsey0@smugmug.com
3537,Maryl,41163-121,Atyr,YKmDC2Of4pr,mheyball1@marketwatch.com
3327,Nike,68472-101,Kungs,LUyGS8wu6,npaladini2@gizmodo.com
3319,Colet,49696-632,Padre Burgos,xNPR96sb,cfarrant3@hibu.com
3383,Peter,62011-0059,Turmus,8Q9PD9,pgymblett4@stumbleupon.com
3344,Matias,0555-0886,Sabanagrande,toQT1PQ7r,mbuckby5@bloglovin.com
3333,Axe,55154-2883,Lazarevskoye,siFNS02,asneezum6@disqus.com
3339,Atalanta,57469-015,Dayang,f9L3ZL,adanels7@si.edu
3329,Madelle,63824-456,Pinheiral,9A3QCtDveXQX,mfryers8@drupal.org
3343,Nikolai,48951-2013,Jiuchi,o2kIffMnwsew,nstonebanks9@mtv.com
