Agent_Name,Agent_Image,Agent_Password,Agent_Id,Agent_Contact,Agent_Email,Agent_Address
Lane Prosser,http://dummyimage.com/149x100.png/ff4444/ffffff,MYIYHB6d,1114449,63629-1248,lprosser0@archive.com,Xiaojin
Lowell Habron,http://dummyimage.com/140x100.png/5fa2dd/ffffff,JVPx40z,1114439,10705-077,lhabron1@altervista.com,Riachos
Bethany Meale,http://dummyimage.com/186x100.png/ff4444/ffffff,xGOdxliDGv,1114490,59779-464,bmeale2@nba.com,Batgiw
Torrey Glasscott,http://dummyimage.com/118x100.png/5fa2dd/ffffff,XfewDzX4kIk,1114010,63323-344,tglasscott3@parallels.com,Kobilje
Lindy Baldinotti,http://dummyimage.com/139x100.png/dddddd/000000,tngN6qOUavm,1114738,0615-5502,lbaldinotti4@linkedin.com,Stavanger
Raffaello Libreros,http://dummyimage.com/219x100.png/cc0000/ffffff,G5RaTlazi,1114395,0406-1923,rlibreros5@stanford.edu,Fort Wayne
Tara Symonds,http://dummyimage.com/164x100.png/5fa2dd/ffffff,rqhmIPHc,1114005,49203-710,tsymonds6@fotki.com,Bantarpanjang
Barthel Phayre,http://dummyimage.com/159x100.png/cc0000/ffffff,0d8vwgi,1114063,53645-1380,bphayre7@storify.com,Talga
Tansy Horburgh,http://dummyimage.com/103x100.png/dddddd/000000,iTVTQJh437Z,1114608,0395-2685,thorburgh8@wordpress.com,Vyritsa
Alvira Hearns,http://dummyimage.com/175x100.png/5fa2dd/ffffff,U19rNlaZElmR,1114678,55111-423,ahearns9@gizmodo.com,Kampungtengah
