Client_Name,Client_Image,Client_Password,Client_Id,Client_Contact,Client_Email,Client_Address
Rockie Calender,http://dummyimage.com/191x100.png/cc0000/ffffff,5O6sV6BufZ,2223304,58980-625,rcalender0@google.com,Zihu
Yvor Lusted,http://dummyimage.com/234x100.png/cc0000/ffffff,NF0dJZl,2223748,0135-0199,ylusted1@dion.ne.jp,Bogotá
Nichol Heisham,http://dummyimage.com/112x100.png/5fa2dd/ffffff,gflWkUCiqHL,2223985,54569-0561,nheisham2@ask.com,Shalqīya
Adah Fairburn,http://dummyimage.com/124x100.png/dddddd/000000,As0RiA6Ui,2223578,24236-572,afairburn3@artisteer.com,Porto Alegre
Alexei Barneville,http://dummyimage.com/211x100.png/ff4444/ffffff,ccE36G2JVw,2223769,47682-125,abarneville4@ed.gov,Al Ḩarāk
Christina Highnam,http://dummyimage.com/144x100.png/ff4444/ffffff,llvy8L,2223882,98132-725,chighnam5@prweb.com,La‘l
Vinson Ogg,http://dummyimage.com/145x100.png/dddddd/000000,U2emy6VuFp,2223081,64220-426,vogg6@123-reg.co.uk,Belyayevka
Emilia Murrigans,http://dummyimage.com/152x100.png/ff4444/ffffff,lpctvhn1R8,2223604,59535-1021,emurrigans7@nationalgeographic.com,Xinglong
Marketa Arran,http://dummyimage.com/134x100.png/5fa2dd/ffffff,aSE3TH,2223562,43269-900,marran8@com.com,Pylaía
Durward Keedwell,http://dummyimage.com/162x100.png/cc0000/ffffff,B7CLvrYc4vjO,2223448,53329-082,dkeedwell9@cocolog-nifty.com,Tanabi
